iter	Logloss
0	0.6930000519
1	0.6928530554
2	0.6927193278
3	0.69257317
4	0.6924283538
5	0.6922564564
6	0.6921249238
7	0.691973189
8	0.6918407868
9	0.6916899235
10	0.6915460854
11	0.6914198178
12	0.6912791486
13	0.6911511121
14	0.6910137852
15	0.6908666735
16	0.6907325132
17	0.6905632464
18	0.690409456
19	0.6902524577
20	0.6901155018
21	0.6899576173
22	0.6898244154
23	0.6896680599
24	0.6895463359
25	0.6893992683
26	0.6892578295
27	0.6891020969
28	0.6889644031
29	0.6888148377
