iter	Logloss
0	0.693034231
1	0.6928992803
2	0.692759509
